Block,Trial,prob,Subject_response,Response_time,Subject_accuracy
0,0,"('1+1=', 2)",2,0.8841080999991391,1
0,1,"('1+3=', 4)",4,0.9242493000056129,1
0,2,"('1+1=', 2)",2,0.6176188999961596,1
1,0,"('3-2=', 1)",1,0.63272169999982,1
1,1,"('4-1=', 3)",3,0.930154700006824,1
1,2,"('4-1=', 3)",1,1.1114229000013438,2
